{
  "HumanLikeMouse": false,
  "HumanLikeMouseMaxStep": 7,
  "IsBackgroundFpsActive": false,
  "BackgroundFps": 33,
  "StopRenderOnHook": false,
  "MinimizeGameOnHook": false,
  "EnableMouseDegudOnHook": false,
  "DontAutoFocusGameWindow": false,
  "DontAutoFocusBotWindow": false,
  "HookCompatibility0": false,
  "HookCompatibility1": false,
  "HookCompatibilityDepth": 8,
  "DebugTicks": false,
  "DebugLastTask": false,
  "AllowExternalAccess": false,
  "StartStopBotEnabled": true,
  "StartStopBotKey": 83,
  "StartForceStopBotKey": 83,
  "StartStopBotMod": 5,
  "StartForceStopBotMod": 6,
  "FocusBotWindowEnabled": true,
  "FocusBotWindowKey": 87,
  "FocusBotWindowMod": 5,
  "DebugMouseCursorPosEnabled": true,
  "DebugMouseCursorPosKey": 88,
  "DebugMouseCursorPosMod": 5,
  "DisablePHMEnabled": true,
  "DisablePHMKey": 68,
  "DisablePHMMod": 5,
  "EnablePHMEnabled": true,
  "EnablePHMKey": 69,
  "EnablePHMMod": 5,
  "ResetPHMEnabled": true,
  "ResetPHMKey": 82,
  "ResetPHMMod": 5,
  "DumpTGTEnabled": true,
  "DumpTGTKey": 84,
  "DumpTGTMod": 5,
  "DumpFrameUnderCursorEnabled": true,
  "DumpFrameUnderCursorKey": 65,
  "DumpFrameUnderCursorMod": 5,
  "AutoChooseConfig": true,
  "AutoChooseLanguage": true,
  "BuddyUpdaterName": "",
  "AutoLanguage": "en",
  "LastUsedLanguage": "en",
  "RandomizeProfileSelection": false,
  "ProfilesFolderPath": "",
  "ProfileBaseName": "",
  "BlacklistedProfileWords": "",
  "LastUsedConfiguration": "Default",
  "AutoAuthLogin": true,
  "AuthRegion": 0,
  "DisableUpdateCheck": false,
  "AuthKeys": "",
  "LogoutPoeOnAuthIssue2": false,
  "TerminatePoeOnAuthIssue": false,
  "MemoryPullInterval": 20,
  "PremiumContent": [],
  "ObjectManagerPullMethod": "Method2",
  "ObjectPullUseBlacklist": true,
  "ObjectPullLogData": false
}